{
  "version": 2,
  "description": "Data reduction for Cr isotopes, calibrated for 50Cr-54Cr spike pair, with reporting of 53CR/52Cr ratio relative to NIST SRM 3112a, on the Phoenix and Isoprobe-T TIMS at the Geology Section, Department of Geoscience and Natural Resources, University of Copenhagen",

  "element" : "Cr",

  "cycle_columns" :
    { "49" : 0,
      "50" : 1,
      "51" : 2,
      "52" : 3,
      "53" : 4,
      "54" : 5,
      "56" : 6
    },

  "report_fracs" :
    ["52", ["50", "53", "54"]],

  "reduce_fracs" :
    ["54", ["50", "52", "53"]],

  "rel_report":
    {
        "d53Cr_SRM3112a" : ["53Cr", "52Cr", 1000, true]
    },

  "plot_vars":
    {
      "2sigma_filter": 0.5,
      "intens_min": 0.32,
      "min_cycles": 30,
      "summary":
        [
          "d53Cr_SRM3112a",
          "raw_52",
          "beta_ins",
          "spl_conc",
          ["raw_56", "raw_54"]
        ],
      "cycles":
        [
          "raw_52",
          ["raw_50","raw_52"],
          "soln_50Cr/52Cr",
          "d53Cr_SRM3112a",
          "beta_ins",
          ["raw_56","raw_54"]
        ]
    },

  "used_isotopes" :
    {
      "50" : [["51", "V"]],
      "52" : [],
      "53" : [],
      "54" : [["56", "Fe"]]
    },

  "masses" :
    { "50Cr" : 49.946049,
      "52Cr" : 51.940512,
      "53Cr" : 52.940653,
      "54Cr" : 53.938885,
      "49Ti" : 48.947871,
      "50Ti" : 49.944792,
      "51V"  : 50.943964,
      "50V"  : 49.947163,
      "54Fe" : 53.939613,
      "56Fe" : 55.934941},

  "nat_ratios" :
    { "49Ti/50Ti" :   1.0185185185,
      "51V/50V"   : 399.0,
      "56Fe/54Fe" :  15.698587},

  "spike" :
    { "name" : "RFrei_DS_Cr",
      "50Cr" : 0.5379706252508730,
      "52Cr" : 0.0350570627662604,
      "53Cr" : 0.0108693041097927,
      "54Cr" : 0.4161030078730740
    },
  "standard" :
    { "name" : "SRM3112a",
      "50Cr" : 0.0434502788351757,
      "52Cr" : 0.8378541590693160,
      "53Cr" : 0.0950600848660935,
      "54Cr" : 0.0236354772294146
    },

  "outlier_rejection":
    { "iqr_limit" : 1.5,
      "max_fraction" : 0.05},

  "initial_parameters":
    [ 0.003,-0.06,0.8 ],

  "filetype_plugin":
       "pysotope.plugins.filetype_xls",

  "file_spec":
        {
        "CYCLES": [
            "table",
            {
                "start_string": "Cycle,Time",
                "end_string": "\nBLOCK Data",
                "first_col": 2,
                "n_columns": 7,
                "skip_rows": 1
            },
            {
                "search_string": ",Function:",
                "first_col": 2,
                "n_columns": 7
            }
        ]
    }
}
